INSERT INTO BRAND VALUES('이니스프리', '서울특별시 용산구 한강대로 100 아모레퍼시픽 신본사 7층 이니스프리', '080-380-0114');
INSERT INTO BRAND VALUES('시드물', '대전광역시 중구 안영동 647-7', '1577-9638');
INSERT INTO BRAND VALUES('에뛰드하우스', '서울특별시 용산구 한강대로 100 (한강로2가)', '080-022-2285');
INSERT INTO BRAND VALUES('더페이스샵','  서울특별시 종로구 새문안로 58 LG광화문빌딩','02-3773-1114');
INSERT INTO BRAND VALUES('미샤', '서울특별시 서초구 서초대로 38길 12 (서초동, 마제스타시티 타워 원 13층)', '080-080-4936');

INSERT INTO COSMETIC(CosmeticName,Category,Price,Volume, BrandName) VALUES('노세범미네랄파우더','베이스메이크업', 6000,'5g','이니스프리');
INSERT INTO COSMETIC(CosmeticName,Category,Price,Volume, BrandName) VALUES('슈퍼푸드 블루베리 리밸런싱 스킨','스킨케어', 14000,'350ml','이니스프리');
INSERT INTO COSMETIC(CosmeticName,Category,Price,Volume, BrandName) VALUES('그린티 씨드 세럼','스킨케어', 24000,'80ml','이니스프리');
INSERT INTO COSMETIC(CosmeticName,Category,Price,Volume, BrandName) VALUES('애플 씨드 립앤아이 리무버','클렌징/필링',6500,'100ml','이니스프리');
INSERT INTO COSMETIC(CosmeticName,Category,Price,Volume, BrandName) VALUES('자연발효에너지오일','스킨케어', 28000,'30ml','이니스프리');
INSERT INTO COSMETIC(CosmeticName,Category,Price,Volume, BrandName) VALUES('노세범 미네랄팩트','베이스메이크업', 10000,'8.5g','이니스프리');
INSERT INTO COSMETIC(CosmeticName,Category,Price,Volume, BrandName) VALUES('슈퍼푸드 블루베리 리밸런싱 5.5 클렌저','클렌징/필링', 5000,'100ml','이니스프리');
INSERT INTO COSMETIC(CosmeticName,Category,Price,Volume, BrandName) VALUES('블루베리 리밸런싱 클렌징 워터','클렌징/필링', 8000,'200ml','이니스프리');
INSERT INTO COSMETIC(CosmeticName,Category,Price,Volume, BrandName) VALUES('비자 시카 밤','스킨케어', 22000,'40ml','이니스프리');
INSERT INTO COSMETIC(CosmeticName,Category,Price,Volume, BrandName) VALUES('슈퍼푸드 블루베리 리밸런싱 워터리 선크림','선케어', 9000,'40ml','이니스프리');
INSERT INTO COSMETIC(CosmeticName,Category,Price,Volume, BrandName) VALUES('호호바 립 에센스','립메이크업', 3800,'13ml','시드물');
INSERT INTO COSMETIC(CosmeticName,Category,Price,Volume, BrandName) VALUES('녹차 필링 젤','클렌징/필링', 4800,'120ml','시드물');
INSERT INTO COSMETIC(CosmeticName,Category,Price,Volume, BrandName) VALUES('웰빙 녹차 스킨','스킨케어', 4300,'150ml','시드물');
INSERT INTO COSMETIC(CosmeticName,Category,Price,Volume, BrandName) VALUES('마다가스카르 리얼 수분 크림','스킨케어', 23800,'80g','시드물');
INSERT INTO COSMETIC(CosmeticName,Category,Price,Volume, BrandName) VALUES('아토 로션','스킨케어', 7800,'200ml','시드물');
INSERT INTO COSMETIC(CosmeticName,Category,Price,Volume, BrandName) VALUES('알로에 에센셜','스킨케어', 8900,'165ml','시드물');
INSERT INTO COSMETIC(CosmeticName,Category,Price,Volume, BrandName) VALUES('퓨어 비피다 95 앰플','스킨케어', 24600,'33ml','시드물');
INSERT INTO COSMETIC(CosmeticName,Category,Price,Volume, BrandName) VALUES('울트라 페이셜 모이스처라이징 로션','스킨케어', 9900,'80g','시드물');
INSERT INTO COSMETIC(CosmeticName,Category,Price,Volume, BrandName) VALUES('스킨소스 D 판테놀 앰플','스킨케어', 11800,'12ml','시드물');
INSERT INTO COSMETIC(CosmeticName,Category,Price,Volume, BrandName) VALUES('닥터 트럽 스킨 리터닝 클렌징 밀크','클렌징/필링', 13600,'20ml','시드물');
INSERT INTO COSMETIC(CosmeticName,Category,Price,Volume, BrandName) VALUES('룩 앳 마이 아이즈 [BR422 솔솔말린솔방울]','아이메이크업', 3500,'2g','에뛰드하우스');
INSERT INTO COSMETIC(CosmeticName,Category,Price,Volume, BrandName) VALUES('순정 약산성 5.5 진정 토너','스킨케어', 13000,'180ml','에뛰드하우스');
INSERT INTO COSMETIC(CosmeticName,Category,Price,Volume, BrandName) VALUES('닥터마스카라 픽서 포 퍼펙트 래쉬','아이메이크업', 6000,'6ml','에뛰드하우스');
INSERT INTO COSMETIC(CosmeticName,Category,Price,Volume, BrandName) VALUES('순정 판텐소사이드 시카 밤','스킨케어', 7000,'15ml','에뛰드하우스');
INSERT INTO COSMETIC(CosmeticName,Category,Price,Volume, BrandName) VALUES('오 마이 래쉬 쌩얼 카라','아이메이크업', 6500,'7ml','에뛰드하우스');
INSERT INTO COSMETIC(CosmeticName,Category,Price,Volume, BrandName) VALUES('룩 앳 마이 아이즈 [BR402 시럽빼고테이크아웃]','아이메이크업', 3500,'2g','에뛰드하우스');
INSERT INTO COSMETIC(CosmeticName,Category,Price,Volume, BrandName) VALUES('룩 앳 마이 아이즈[BR407 해변에선코코넛]','아이메이크업', 3500,'2g','에뛰드하우스');
INSERT INTO COSMETIC(CosmeticName,Category,Price,Volume, BrandName) VALUES('순정 약산성 6.5 휩 클렌저','클렌징/필링', 11000,'150ml','에뛰드하우스');
INSERT INTO COSMETIC(CosmeticName,Category,Price,Volume, BrandName) VALUES('플레이 컬러 아이즈 인 더 까페','아이메이크업', 22000,'10g','에뛰드하우스');
INSERT INTO COSMETIC(CosmeticName,Category,Price,Volume, BrandName) VALUES('래쉬 펌 컬 픽스 마스카라','아이메이크업', 12000,'8g','에뛰드하우스');
INSERT INTO COSMETIC(CosmeticName,Category,Price,Volume, BrandName) VALUES('잉크래스팅 파운데이션 슬림 핏 이엑스 [N201 애프리콧베이지]','베이스메이크업', 18000,'30ml','더페이스샵');
INSERT INTO COSMETIC(CosmeticName,Category,Price,Volume, BrandName) VALUES('잉크래스팅 파운데이션 슬림 핏 이엑스 [V201 애프리콧베이지]','베이스메이크업', 18000,'30ml','더페이스샵');
INSERT INTO COSMETIC(CosmeticName,Category,Price,Volume, BrandName) VALUES('내추럴 선 에코 파워 롱래스팅 선크림','선케어', 17000,'50ml','더페이스샵');
INSERT INTO COSMETIC(CosmeticName,Category,Price,Volume, BrandName) VALUES('잉크래스팅 파운데이션 슬림 핏 이엑스 [N203 내추럴베이지]','베이스메이크업', 18000,'30ml','더페이스샵');
INSERT INTO COSMETIC(CosmeticName,Category,Price,Volume, BrandName) VALUES('립 케어 크림 [01 시어버터]','립메이크업', 4500,'12g','더페이스샵');
INSERT INTO COSMETIC(CosmeticName,Category,Price,Volume, BrandName) VALUES('미감수 브라이트 라이트 클렌징 오일','클렌징/필링', 10000,'150ml','더페이스샵');
INSERT INTO COSMETIC(CosmeticName,Category,Price,Volume, BrandName) VALUES('잉크그라피 브러쉬 펜 라이너','아이메이크업', 9500,'0.6g','더페이스샵');
INSERT INTO COSMETIC(CosmeticName,Category,Price,Volume, BrandName) VALUES('에어 코튼 메이크업 베이스 [02 라벤더]', '베이스메이크업', 4000,'35g','더페이스샵');
INSERT INTO COSMETIC(CosmeticName,Category,Price,Volume, BrandName) VALUES('아르쌩뜨 에코 테라피 토닉 위드 에센셜','스킨케어', 13000,'145ml','더페이스샵');
INSERT INTO COSMETIC(CosmeticName,Category,Price,Volume, BrandName) VALUES('더테라피 로얄메이드 오일 블렌딩크림','스킨케어', 35000,'50ml','더페이스샵');
INSERT INTO COSMETIC(CosmeticName,Category,Price,Volume, BrandName) VALUES('초보양 비비 크림 [21호 은은한빛]','베이스메이크업', 27000,'50ml','미샤');
INSERT INTO COSMETIC(CosmeticName,Category,Price,Volume, BrandName) VALUES('미폴렌 리뉴 앰풀러','스킨케어', 28000,'40ml','미샤');
INSERT INTO COSMETIC(CosmeticName,Category,Price,Volume, BrandName) VALUES('퍼펙트 립앤아이 메이크업 리무버','클렌징/필링',4000,'155ml','미샤');
INSERT INTO COSMETIC(CosmeticName,Category,Price,Volume, BrandName) VALUES('타임레볼루션 아르테미시아 트리트먼트 에센스','스킨케어', 42000,'150ml','미샤');
INSERT INTO COSMETIC(CosmeticName,Category,Price,Volume, BrandName) VALUES('글로우 스킨밤','스킨케어', 18000,'50ml','미샤');
INSERT INTO COSMETIC(CosmeticName,Category,Price,Volume, BrandName) VALUES('매트 립루즈 [SPF17]','립메이크업', 11800,'4.1g','미샤');
INSERT INTO COSMETIC(CosmeticName,Category,Price,Volume, BrandName) VALUES('모던 섀도우 이탈프리즘','아이메이크업', 12800,'1,5g','미샤');
INSERT INTO COSMETIC(CosmeticName,Category,Price,Volume, BrandName) VALUES('컬러 픽스 아이 프라이머','베이스메이크업', 9800,'7.5g','미샤');
INSERT INTO COSMETIC(CosmeticName,Category,Price,Volume, BrandName) VALUES('초보양 비비 크림 [23호 차분한빛]','베이스메이크업', 27000,'50ml','미샤');
INSERT INTO COSMETIC(CosmeticName,Category,Price,Volume, BrandName) VALUES('4D 마스카라','아이메이크업', 3800,'7g','미샤');

INSERT INTO INGREDIENT(IngredientName, IngredientRisk, IngredientOilySkin, IngredientDrySkin, IngredientSensitiveSkin) VALUES ('녹차추출물',0,1,0,-1);
INSERT INTO INGREDIENT(IngredientName, IngredientRisk, IngredientOilySkin, IngredientDrySkin, IngredientSensitiveSkin) VALUES ('부틸렌글라이콜',0,0,1,0);
INSERT INTO INGREDIENT(IngredientName, IngredientRisk, IngredientOilySkin, IngredientDrySkin, IngredientSensitiveSkin) VALUES ('토코페롤',0,0,1,0);
INSERT INTO INGREDIENT(IngredientName, IngredientRisk, IngredientOilySkin, IngredientDrySkin, IngredientSensitiveSkin) VALUES ('실리카',0,0,0,0);
INSERT INTO INGREDIENT(IngredientName, IngredientRisk, IngredientOilySkin, IngredientDrySkin, IngredientSensitiveSkin) VALUES ('변성옥수수전분',0,0,0,0);
INSERT INTO INGREDIENT(IngredientName, IngredientRisk, IngredientOilySkin, IngredientDrySkin, IngredientSensitiveSkin) VALUES ('다이메티콘',0,0,0,0);
INSERT INTO INGREDIENT(IngredientName, IngredientRisk, IngredientOilySkin, IngredientDrySkin, IngredientSensitiveSkin) VALUES ('카프릴릭',0,0,0,0);
INSERT INTO INGREDIENT(IngredientName, IngredientRisk, IngredientOilySkin, IngredientDrySkin, IngredientSensitiveSkin) VALUES ('마이카',0,0,0,0);
INSERT INTO INGREDIENT(IngredientName, IngredientRisk, IngredientOilySkin, IngredientDrySkin, IngredientSensitiveSkin) VALUES ('메티콘',0,0,0,0);
INSERT INTO INGREDIENT(IngredientName, IngredientRisk, IngredientOilySkin, IngredientDrySkin, IngredientSensitiveSkin) VALUES ('글리세린',0,0,1,0);
INSERT INTO INGREDIENT(IngredientName, IngredientRisk, IngredientOilySkin, IngredientDrySkin, IngredientSensitiveSkin) VALUES ('소듐하이알루로네이트',0,0,1,0);
INSERT INTO INGREDIENT(IngredientName, IngredientRisk, IngredientOilySkin, IngredientDrySkin, IngredientSensitiveSkin) VALUES ('라벤더오일',0,0,0,-1);
INSERT INTO INGREDIENT(IngredientName, IngredientRisk, IngredientOilySkin, IngredientDrySkin, IngredientSensitiveSkin) VALUES ('정제수',0,0,0,0);
INSERT INTO INGREDIENT(IngredientName, IngredientRisk, IngredientOilySkin, IngredientDrySkin, IngredientSensitiveSkin) VALUES ('다이프로필렌글라이콜',0,0,0,0);
INSERT INTO INGREDIENT(IngredientName, IngredientRisk, IngredientOilySkin, IngredientDrySkin, IngredientSensitiveSkin) VALUES ('프로판다이올',0,0,0,0);
INSERT INTO INGREDIENT(IngredientName, IngredientRisk, IngredientOilySkin, IngredientDrySkin, IngredientSensitiveSkin) VALUES ('글리세레스-26',0,0,0,0);
INSERT INTO INGREDIENT(IngredientName, IngredientRisk, IngredientOilySkin, IngredientDrySkin, IngredientSensitiveSkin) VALUES ('판테놀',0,0,1,0);
INSERT INTO INGREDIENT(IngredientName, IngredientRisk, IngredientOilySkin, IngredientDrySkin, IngredientSensitiveSkin) VALUES ('알코올',0,0,-1,-1);
INSERT INTO INGREDIENT(IngredientName, IngredientRisk, IngredientOilySkin, IngredientDrySkin, IngredientSensitiveSkin) VALUES ('시트릭애씨드',0,0,0,-1);
INSERT INTO INGREDIENT(IngredientName, IngredientRisk, IngredientOilySkin, IngredientDrySkin, IngredientSensitiveSkin) VALUES ('향료',-1,0,0,0);
INSERT INTO INGREDIENT(IngredientName, IngredientRisk, IngredientOilySkin, IngredientDrySkin, IngredientSensitiveSkin) VALUES ('베타인',0,0,0,0);
INSERT INTO INGREDIENT(IngredientName, IngredientRisk, IngredientOilySkin, IngredientDrySkin, IngredientSensitiveSkin) VALUES ('코코넛야자오일',0,-1,0,0);
INSERT INTO INGREDIENT(IngredientName, IngredientRisk, IngredientOilySkin, IngredientDrySkin, IngredientSensitiveSkin) VALUES ('사이클로펜타실록세인',0,0,0,0);
INSERT INTO INGREDIENT(IngredientName, IngredientRisk, IngredientOilySkin, IngredientDrySkin, IngredientSensitiveSkin) VALUES ('사과씨오일',0,0,0,0);
INSERT INTO INGREDIENT(IngredientName, IngredientRisk, IngredientOilySkin, IngredientDrySkin, IngredientSensitiveSkin) VALUES ('사과추출물',0,0,0,0);
INSERT INTO INGREDIENT(IngredientName, IngredientRisk, IngredientOilySkin, IngredientDrySkin, IngredientSensitiveSkin) VALUES ('알부틴',0,0,1,0);
INSERT INTO INGREDIENT(IngredientName, IngredientRisk, IngredientOilySkin, IngredientDrySkin, IngredientSensitiveSkin) VALUES ('바실러스',0,0,0,0);
INSERT INTO INGREDIENT(IngredientName, IngredientRisk, IngredientOilySkin, IngredientDrySkin, IngredientSensitiveSkin) VALUES ('메틸글루세스',0,0,0,0);
INSERT INTO INGREDIENT(IngredientName, IngredientRisk, IngredientOilySkin, IngredientDrySkin, IngredientSensitiveSkin) VALUES ('폴리글리세린',0,0,0,0);
INSERT INTO INGREDIENT(IngredientName, IngredientRisk, IngredientOilySkin, IngredientDrySkin, IngredientSensitiveSkin) VALUES ('페녹시에탄올',-1,0,0,0);
INSERT INTO INGREDIENT(IngredientName, IngredientRisk, IngredientOilySkin, IngredientDrySkin, IngredientSensitiveSkin) VALUES ('카올린',0,0,0,0);
INSERT INTO INGREDIENT(IngredientName, IngredientRisk, IngredientOilySkin, IngredientDrySkin, IngredientSensitiveSkin) VALUES ('폴리메틸메타크릴레이트',0,0,0,0);
INSERT INTO INGREDIENT(IngredientName, IngredientRisk, IngredientOilySkin, IngredientDrySkin, IngredientSensitiveSkin) VALUES ('알루미늄전분옥테닐석시네이트',0,0,0,0);
INSERT INTO INGREDIENT(IngredientName, IngredientRisk, IngredientOilySkin, IngredientDrySkin, IngredientSensitiveSkin) VALUES ('옥틸도데실스테아로일스테아레이트',0,0,0,0);
INSERT INTO INGREDIENT(IngredientName, IngredientRisk, IngredientOilySkin, IngredientDrySkin, IngredientSensitiveSkin) VALUES ('알란토인',0,1,0,1);
INSERT INTO INGREDIENT(IngredientName, IngredientRisk, IngredientOilySkin, IngredientDrySkin, IngredientSensitiveSkin) VALUES ('소듐코코일이세티오네이트',0,0,0,0);
INSERT INTO INGREDIENT(IngredientName, IngredientRisk, IngredientOilySkin, IngredientDrySkin, IngredientSensitiveSkin) VALUES ('다이글리세린',0,0,0,0);
INSERT INTO INGREDIENT(IngredientName, IngredientRisk, IngredientOilySkin, IngredientDrySkin, IngredientSensitiveSkin) VALUES ('디에칠헬실소듐설포석시네이트',0,0,0,0);
INSERT INTO INGREDIENT(IngredientName, IngredientRisk, IngredientOilySkin, IngredientDrySkin, IngredientSensitiveSkin) VALUES ('1,2-헥산다이올',0,0,0,0);
INSERT INTO INGREDIENT(IngredientName, IngredientRisk, IngredientOilySkin, IngredientDrySkin, IngredientSensitiveSkin) VALUES ('로우스위트블루베리추출물',0,0,0,0);
INSERT INTO INGREDIENT(IngredientName, IngredientRisk, IngredientOilySkin, IngredientDrySkin, IngredientSensitiveSkin) VALUES ('팔미틱애씨드',0,-1,0,0);
INSERT INTO INGREDIENT(IngredientName, IngredientRisk, IngredientOilySkin, IngredientDrySkin, IngredientSensitiveSkin) VALUES ('스쿠알란',0,0,0,0);
INSERT INTO INGREDIENT(IngredientName, IngredientRisk, IngredientOilySkin, IngredientDrySkin, IngredientSensitiveSkin) VALUES ('티타늄다이옥사이드',0,1,0,1);
INSERT INTO INGREDIENT(IngredientName, IngredientRisk, IngredientOilySkin, IngredientDrySkin, IngredientSensitiveSkin) VALUES ('C12-15알킬벤조에이트',0,0,0,0);
INSERT INTO INGREDIENT(IngredientName, IngredientRisk, IngredientOilySkin, IngredientDrySkin, IngredientSensitiveSkin) VALUES ('페트롤라툼',0,-1,0,0);
INSERT INTO INGREDIENT(IngredientName, IngredientRisk, IngredientOilySkin, IngredientDrySkin, IngredientSensitiveSkin) VALUES ('폴리아이소부텐',0,0,0,0);
INSERT INTO INGREDIENT(IngredientName, IngredientRisk, IngredientOilySkin, IngredientDrySkin, IngredientSensitiveSkin) VALUES ('다이아이소스테아릴말레이트',0,0,0,0);
INSERT INTO INGREDIENT(IngredientName, IngredientRisk, IngredientOilySkin, IngredientDrySkin, IngredientSensitiveSkin) VALUES ('호호바씨오일',0,0,0,0)
INSERT INTO INGREDIENT(IngredientName, IngredientRisk, IngredientOilySkin, IngredientDrySkin, IngredientSensitiveSkin) VALUES ('오렌지껍질오일',0,0,0,0);
INSERT INTO INGREDIENT(IngredientName, IngredientRisk, IngredientOilySkin, IngredientDrySkin, IngredientSensitiveSkin) VALUES ('녹차수',0,1,0,0);
INSERT INTO INGREDIENT(IngredientName, IngredientRisk, IngredientOilySkin, IngredientDrySkin, IngredientSensitiveSkin) VALUES ('캐모마일꽃추출물',0,0,1,1);
INSERT INTO INGREDIENT(IngredientName, IngredientRisk, IngredientOilySkin, IngredientDrySkin, IngredientSensitiveSkin) VALUES ('셀룰로오스',0,0,0,0);
INSERT INTO INGREDIENT(IngredientName, IngredientRisk, IngredientOilySkin, IngredientDrySkin, IngredientSensitiveSkin) VALUES ('스페인감초뿌리추출물',0,1,0,0);
INSERT INTO INGREDIENT(IngredientName, IngredientRisk, IngredientOilySkin, IngredientDrySkin, IngredientSensitiveSkin) VALUES ('알로에베라잎즙',0,0,0,1);
INSERT INTO INGREDIENT(IngredientName, IngredientRisk, IngredientOilySkin, IngredientDrySkin, IngredientSensitiveSkin) VALUES ('병풀추출물',0,0,0,0);
INSERT INTO INGREDIENT(IngredientName, IngredientRisk, IngredientOilySkin, IngredientDrySkin, IngredientSensitiveSkin) VALUES ('하이드로제네이티드레시틴',0,0,0,0);
INSERT INTO INGREDIENT(IngredientName, IngredientRisk, IngredientOilySkin, IngredientDrySkin, IngredientSensitiveSkin) VALUES ('황금추출물',0,0,0,0);
INSERT INTO INGREDIENT(IngredientName, IngredientRisk, IngredientOilySkin, IngredientDrySkin, IngredientSensitiveSkin) VALUES ('검정콩추출물',0,0,1,0);
INSERT INTO INGREDIENT(IngredientName, IngredientRisk, IngredientOilySkin, IngredientDrySkin, IngredientSensitiveSkin) VALUES ('꿀추출물',0,0,0,0);
INSERT INTO INGREDIENT(IngredientName, IngredientRisk, IngredientOilySkin, IngredientDrySkin, IngredientSensitiveSkin) VALUES ('알로에베라잎수',0,0,0,1);
INSERT INTO INGREDIENT(IngredientName, IngredientRisk, IngredientOilySkin, IngredientDrySkin, IngredientSensitiveSkin) VALUES ('녹비피다발효용해물',0,0,0,0);
INSERT INTO INGREDIENT(IngredientName, IngredientRisk, IngredientOilySkin, IngredientDrySkin, IngredientSensitiveSkin) VALUES ('쇼듐피씨에이',0,0,1,0);
INSERT INTO INGREDIENT(IngredientName, IngredientRisk, IngredientOilySkin, IngredientDrySkin, IngredientSensitiveSkin) VALUES ('베타글루칸',0,0,0,0);
INSERT INTO INGREDIENT(IngredientName, IngredientRisk, IngredientOilySkin, IngredientDrySkin, IngredientSensitiveSkin) VALUES ('판토락톤',0,0,0,0);
INSERT INTO INGREDIENT(IngredientName, IngredientRisk, IngredientOilySkin, IngredientDrySkin, IngredientSensitiveSkin) VALUES ('잔탄검',0,0,0,0);
INSERT INTO INGREDIENT(IngredientName, IngredientRisk, IngredientOilySkin, IngredientDrySkin, IngredientSensitiveSkin) VALUES ('해바라기씨오일',0,0,0,0);
INSERT INTO INGREDIENT(IngredientName, IngredientRisk, IngredientOilySkin, IngredientDrySkin, IngredientSensitiveSkin) VALUES ('데실글루코사이드',0,0,0,0);
INSERT INTO INGREDIENT(IngredientName, IngredientRisk, IngredientOilySkin, IngredientDrySkin, IngredientSensitiveSkin) VALUES ('적색202호',-1,0,0,0);
INSERT INTO INGREDIENT(IngredientName, IngredientRisk, IngredientOilySkin, IngredientDrySkin, IngredientSensitiveSkin) VALUES ('페녹시에탄올',-1,0,0,0);
INSERT INTO INGREDIENT(IngredientName, IngredientRisk, IngredientOilySkin, IngredientDrySkin, IngredientSensitiveSkin) VALUES ('탤크',0,0,0,0);
INSERT INTO INGREDIENT(IngredientName, IngredientRisk, IngredientOilySkin, IngredientDrySkin, IngredientSensitiveSkin) VALUES ('메틸메타크릴레이트크로스폴리머',0,0,0,0);
INSERT INTO INGREDIENT(IngredientName, IngredientRisk, IngredientOilySkin, IngredientDrySkin, IngredientSensitiveSkin) VALUES ('적색산화철',0,0,0,0);
INSERT INTO INGREDIENT(IngredientName, IngredientRisk, IngredientOilySkin, IngredientDrySkin, IngredientSensitiveSkin) VALUES ('아이소도데케인',0,0,0,0);
INSERT INTO INGREDIENT(IngredientName, IngredientRisk, IngredientOilySkin, IngredientDrySkin, IngredientSensitiveSkin) VALUES ('브이피/에이코신코폴리머',0,0,0,0);
INSERT INTO INGREDIENT(IngredientName, IngredientRisk, IngredientOilySkin, IngredientDrySkin, IngredientSensitiveSkin) VALUES ('트라이메틸실록시실리케이트',0,0,0,0);
INSERT INTO INGREDIENT(IngredientName, IngredientRisk, IngredientOilySkin, IngredientDrySkin, IngredientSensitiveSkin) VALUES ('스테아릭애씨드',0,-1,0,0);
INSERT INTO INGREDIENT(IngredientName, IngredientRisk, IngredientOilySkin, IngredientDrySkin, IngredientSensitiveSkin) VALUES ('세테아릴알코올',0,0,0,0);
INSERT INTO INGREDIENT(IngredientName, IngredientRisk, IngredientOilySkin, IngredientDrySkin, IngredientSensitiveSkin) VALUES ('마이크로크리스탈란왁스',0,0,0,0);
INSERT INTO INGREDIENT(IngredientName, IngredientRisk, IngredientOilySkin, IngredientDrySkin, IngredientSensitiveSkin) VALUES ('아이런옥사이드',0,0,0,0);
INSERT INTO INGREDIENT(IngredientName, IngredientRisk, IngredientOilySkin, IngredientDrySkin, IngredientSensitiveSkin) VALUES ('네오펜틸글라이콜다이헵타노에이트',0,0,0,0);
INSERT INTO INGREDIENT(IngredientName, IngredientRisk, IngredientOilySkin, IngredientDrySkin, IngredientSensitiveSkin) VALUES ('다이펜타에리스리틸헥사하이드록시스테아레이트',0,0,0,0);
INSERT INTO INGREDIENT(IngredientName, IngredientRisk, IngredientOilySkin, IngredientDrySkin, IngredientSensitiveSkin) VALUES ('소르비톨',0,0,0,0);
INSERT INTO INGREDIENT(IngredientName, IngredientRisk, IngredientOilySkin, IngredientDrySkin, IngredientSensitiveSkin) VALUES ('라우릴글루코사이드',0,0,0,0);
INSERT INTO INGREDIENT(IngredientName, IngredientRisk, IngredientOilySkin, IngredientDrySkin, IngredientSensitiveSkin) VALUES ('나일론-12',0,0,0,0);
INSERT INTO INGREDIENT(IngredientName, IngredientRisk, IngredientOilySkin, IngredientDrySkin, IngredientSensitiveSkin) VALUES ('보론나이트라이드',0,0,0,0);
INSERT INTO INGREDIENT(IngredientName, IngredientRisk, IngredientOilySkin, IngredientDrySkin, IngredientSensitiveSkin) VALUES ('폴리에틸렌',0,0,0,0);
INSERT INTO INGREDIENT(IngredientName, IngredientRisk, IngredientOilySkin, IngredientDrySkin, IngredientSensitiveSkin) VALUES ('에칠헥실메톡시신나메이트',0,0,0,-1);
INSERT INTO INGREDIENT(IngredientName, IngredientRisk, IngredientOilySkin, IngredientDrySkin, IngredientSensitiveSkin) VALUES ('메틸트라이메티콘',0,0,0,0);
INSERT INTO INGREDIENT(IngredientName, IngredientRisk, IngredientOilySkin, IngredientDrySkin, IngredientSensitiveSkin) VALUES ('변성알코올',0,0,0,0);
INSERT INTO INGREDIENT(IngredientName, IngredientRisk, IngredientOilySkin, IngredientDrySkin, IngredientSensitiveSkin) VALUES ('징크옥사이드',0,1,0,0);
INSERT INTO INGREDIENT(IngredientName, IngredientRisk, IngredientOilySkin, IngredientDrySkin, IngredientSensitiveSkin) VALUES ('소듐피씨에이',0,0,1,0);
INSERT INTO INGREDIENT(IngredientName, IngredientRisk, IngredientOilySkin, IngredientDrySkin, IngredientSensitiveSkin) VALUES ('피이지-10다이메티콘',-1,0,0,0);
INSERT INTO INGREDIENT(IngredientName, IngredientRisk, IngredientOilySkin, IngredientDrySkin, IngredientSensitiveSkin) VALUES ('시어버터',0,-1,0,0);
INSERT INTO INGREDIENT(IngredientName, IngredientRisk, IngredientOilySkin, IngredientDrySkin, IngredientSensitiveSkin) VALUES ('미네랄오일',-1,0,0,0);
INSERT INTO INGREDIENT(IngredientName, IngredientRisk, IngredientOilySkin, IngredientDrySkin, IngredientSensitiveSkin) VALUES ('폴리부텐',0,0,0,0);
INSERT INTO INGREDIENT(IngredientName, IngredientRisk, IngredientOilySkin, IngredientDrySkin, IngredientSensitiveSkin) VALUES ('파라핀',0,0,0,0);
INSERT INTO INGREDIENT(IngredientName, IngredientRisk, IngredientOilySkin, IngredientDrySkin, IngredientSensitiveSkin) VALUES ('황색4호',-1,0,0,0);
INSERT INTO INGREDIENT(IngredientName, IngredientRisk, IngredientOilySkin, IngredientDrySkin, IngredientSensitiveSkin) VALUES ('소르베스-30테트라올리에이트',0,0,0,0);
INSERT INTO INGREDIENT(IngredientName, IngredientRisk, IngredientOilySkin, IngredientDrySkin, IngredientSensitiveSkin) VALUES ('쌀겨오일',0,0,0,0);
INSERT INTO INGREDIENT(IngredientName, IngredientRisk, IngredientOilySkin, IngredientDrySkin, IngredientSensitiveSkin) VALUES ('흑색산화철',0,0,0,0);
INSERT INTO INGREDIENT(IngredientName, IngredientRisk, IngredientOilySkin, IngredientDrySkin, IngredientSensitiveSkin) VALUES ('캐모마일꽃수',0,0,0,0);
INSERT INTO INGREDIENT(IngredientName, IngredientRisk, IngredientOilySkin, IngredientDrySkin, IngredientSensitiveSkin) VALUES ('세틸피이지',-1,0,0,0);
INSERT INTO INGREDIENT(IngredientName, IngredientRisk, IngredientOilySkin, IngredientDrySkin, IngredientSensitiveSkin) VALUES ('피이지-10메틸에텔다이메티콘',-1,0,0,0);
INSERT INTO INGREDIENT(IngredientName, IngredientRisk, IngredientOilySkin, IngredientDrySkin, IngredientSensitiveSkin) VALUES ('사이클로헥사실록세인',0,0,0,0);
INSERT INTO INGREDIENT(IngredientName, IngredientRisk, IngredientOilySkin, IngredientDrySkin, IngredientSensitiveSkin) VALUES ('밤부사불가리스추출물',0,0,0,0);
INSERT INTO INGREDIENT(IngredientName, IngredientRisk, IngredientOilySkin, IngredientDrySkin, IngredientSensitiveSkin) VALUES ('네오펜틸글라이콜다이에틸헥사노에이트',0,0,0,0);
INSERT INTO INGREDIENT(IngredientName, IngredientRisk, IngredientOilySkin, IngredientDrySkin, IngredientSensitiveSkin) VALUES ('오일팜오일',0,0,0,0);
INSERT INTO INGREDIENT(IngredientName, IngredientRisk, IngredientOilySkin, IngredientDrySkin, IngredientSensitiveSkin) VALUES ('귀리가루추출물',0,0,1,0);
INSERT INTO INGREDIENT(IngredientName, IngredientRisk, IngredientOilySkin, IngredientDrySkin, IngredientSensitiveSkin) VALUES ('베타-카로틴',0,0,1,0);
INSERT INTO INGREDIENT(IngredientName, IngredientRisk, IngredientOilySkin, IngredientDrySkin, IngredientSensitiveSkin) VALUES ('피이지-32',-1,0,0,0);
INSERT INTO INGREDIENT(IngredientName, IngredientRisk, IngredientOilySkin, IngredientDrySkin, IngredientSensitiveSkin) VALUES ('피이지-40하이드로제네이티드캐스터오일',-1,0,0,0);
INSERT INTO INGREDIENT(IngredientName, IngredientRisk, IngredientOilySkin, IngredientDrySkin, IngredientSensitiveSkin) VALUES ('인삼추출물',0,0,0,0);
INSERT INTO INGREDIENT(IngredientName, IngredientRisk, IngredientOilySkin, IngredientDrySkin, IngredientSensitiveSkin) VALUES ('페닐트라이메티콘',0,0,0,0);
INSERT INTO INGREDIENT(IngredientName, IngredientRisk, IngredientOilySkin, IngredientDrySkin, IngredientSensitiveSkin) VALUES ('세틸피이지',-1,0,0,0);
INSERT INTO INGREDIENT(IngredientName, IngredientRisk, IngredientOilySkin, IngredientDrySkin, IngredientSensitiveSkin) VALUES ('일랑일랑꽃오일',0,0,0,0);
INSERT INTO INGREDIENT(IngredientName, IngredientRisk, IngredientOilySkin, IngredientDrySkin, IngredientSensitiveSkin) VALUES ('캐모마일꽃오일',0,0,1,0);
INSERT INTO INGREDIENT(IngredientName, IngredientRisk, IngredientOilySkin, IngredientDrySkin, IngredientSensitiveSkin) VALUES ('화분추출물',0,0,0,0);
INSERT INTO INGREDIENT(IngredientName, IngredientRisk, IngredientOilySkin, IngredientDrySkin, IngredientSensitiveSkin) VALUES ('마트리카리아꽃',0,0,1,1);
INSERT INTO INGREDIENT(IngredientName, IngredientRisk, IngredientOilySkin, IngredientDrySkin, IngredientSensitiveSkin) VALUES ('벤질알코올',-1,0,0,0);
INSERT INTO INGREDIENT(IngredientName, IngredientRisk, IngredientOilySkin, IngredientDrySkin, IngredientSensitiveSkin) VALUES ('녹색202호',-1,0,0,0);
INSERT INTO INGREDIENT(IngredientName, IngredientRisk, IngredientOilySkin, IngredientDrySkin, IngredientSensitiveSkin) VALUES ('청호추출물',0,0,0,0);
INSERT INTO INGREDIENT(IngredientName, IngredientRisk, IngredientOilySkin, IngredientDrySkin, IngredientSensitiveSkin) VALUES ('다마스크장미꽃수',0,0,0,0);
INSERT INTO INGREDIENT(IngredientName, IngredientRisk, IngredientOilySkin, IngredientDrySkin, IngredientSensitiveSkin) VALUES ('하이드로제네이티드폴리',0,0,0,0);
INSERT INTO INGREDIENT(IngredientName, IngredientRisk, IngredientOilySkin, IngredientDrySkin, IngredientSensitiveSkin) VALUES ('피이지-40스테아레이트',-1,0,0,0);
INSERT INTO INGREDIENT(IngredientName, IngredientRisk, IngredientOilySkin, IngredientDrySkin, IngredientSensitiveSkin) VALUES ('피이지-30다이폴리하이드록시스테아레이트',-1,0,0,0);
INSERT INTO INGREDIENT(IngredientName, IngredientRisk, IngredientOilySkin, IngredientDrySkin, IngredientSensitiveSkin) VALUES ('라우레스-7',-1,0,0,0);
INSERT INTO INGREDIENT(IngredientName, IngredientRisk, IngredientOilySkin, IngredientDrySkin, IngredientSensitiveSkin) VALUES ('달맞이꽃오일',0,0,1,0);
INSERT INTO INGREDIENT(IngredientName, IngredientRisk, IngredientOilySkin, IngredientDrySkin, IngredientSensitiveSkin) VALUES ('폴리메틸실세스퀴옥세인',0,0,0,0);
INSERT INTO INGREDIENT(IngredientName, IngredientRisk, IngredientOilySkin, IngredientDrySkin, IngredientSensitiveSkin) VALUES ('헥실라우레이트',0,0,0,0);
INSERT INTO INGREDIENT(IngredientName, IngredientRisk, IngredientOilySkin, IngredientDrySkin, IngredientSensitiveSkin) VALUES ('세레신',0,0,0,0);
INSERT INTO INGREDIENT(IngredientName, IngredientRisk, IngredientOilySkin, IngredientDrySkin, IngredientSensitiveSkin) VALUES ('피이지-100스테아레이트',-1,0,0,0);
INSERT INTO INGREDIENT(IngredientName, IngredientRisk, IngredientOilySkin, IngredientDrySkin, IngredientSensitiveSkin) VALUES ('황색5호',-1,0,0,0);
INSERT INTO INGREDIENT(IngredientName, IngredientRisk, IngredientOilySkin, IngredientDrySkin, IngredientSensitiveSkin) VALUES ('적색202호',-1,0,0,0);
INSERT INTO INGREDIENT(IngredientName, IngredientRisk, IngredientOilySkin, IngredientDrySkin, IngredientSensitiveSkin) VALUES ('적색201호',-1,0,0,0);
INSERT INTO INGREDIENT(IngredientName, IngredientRisk, IngredientOilySkin, IngredientDrySkin, IngredientSensitiveSkin) VALUES ('적색40호',-1,0,0,0);
INSERT INTO INGREDIENT(IngredientName, IngredientRisk, IngredientOilySkin, IngredientDrySkin, IngredientSensitiveSkin) VALUES ('세테아릴에칠헥사노에이트',0,0,0,0);
INSERT INTO INGREDIENT(IngredientName, IngredientRisk, IngredientOilySkin, IngredientDrySkin, IngredientSensitiveSkin) VALUES ('에이치디아이',0,0,0,0);
INSERT INTO INGREDIENT(IngredientName, IngredientRisk, IngredientOilySkin, IngredientDrySkin, IngredientSensitiveSkin) VALUES ('트라이에탄올아민',-1,0,0,0);
INSERT INTO INGREDIENT(IngredientName, IngredientRisk, IngredientOilySkin, IngredientDrySkin, IngredientSensitiveSkin) VALUES ('카나우바왁스',0,0,0,0);
INSERT INTO INGREDIENT(IngredientName, IngredientRisk, IngredientOilySkin, IngredientDrySkin, IngredientSensitiveSkin) VALUES ('아크릴레이트',0,0,0,0);
INSERT INTO INGREDIENT(IngredientName, IngredientRisk, IngredientOilySkin, IngredientDrySkin, IngredientSensitiveSkin) VALUES ('아크릴레이트코폴리머',0,0,0,0);
INSERT INTO INGREDIENT(IngredientName, IngredientRisk, IngredientOilySkin, IngredientDrySkin, IngredientSensitiveSkin) VALUES ('메틸파라벤',-1,0,0,0);
INSERT INTO INGREDIENT(IngredientName, IngredientRisk, IngredientOilySkin, IngredientDrySkin, IngredientSensitiveSkin) VALUES ('프로필파라벤',-1,0,0,0);

INSERT INTO CUSTOMER VALUES('pby@somewhere.com' ,'박보영', 30, 'F', '수원시 영통구 덕영대로 1732 우정원 201호', '010-0000-0001', 'C', NULL);
INSERT INTO CUSTOMER VALUES('cew@somewhere.com' ,'차은우', 22, 'M', '수원시 영통구 덕영대로 1732 우정원 202호', '010-0000-0002', 'O', 'A');
INSERT INTO CUSTOMER VALUES('ktl@somewhere.com' ,'김태리', 31, 'F', '수원시 영통구 덕영대로 1732 우정원 203호', '010-0000-0003', 'D', 'T');
INSERT INTO CUSTOMER VALUES('jjy@somewhere.com' ,'정재윤', 30, 'M', '수원시 영통구 덕영대로 1732 우정원 204호', '010-0000-0004', 'O', 'S');
INSERT INTO CUSTOMER VALUES('jdg@somewhere.com' ,'장동건', 45, 'M', '수원시 영통구 덕영대로 1732 우정원 205호', '010-0000-0005', 'C', 'A');
INSERT INTO CUSTOMER VALUES('rjy@somewhere.com' ,'류준열', 30, 'M', '수원시 영통구 덕영대로 1732 우정원 206호', '010-0000-0006', 'D', 'T');
INSERT INTO CUSTOMER VALUES('psj@somewhere.com' ,'박서준', 34, 'M', '수원시 영통구 덕영대로 1732 우정원 207호', '010-0000-0007', 'C', 'S');
INSERT INTO CUSTOMER VALUES('bsj@somewhere.com' ,'배수지', 29, 'F', '수원시 영통구 덕영대로 1732 우정원 208호', '010-0000-0008', 'O', NULL);
INSERT INTO CUSTOMER VALUES('pbk@somewhere.com' ,'박보검', 28, 'M', '수원시 영통구 덕영대로 1732 우정원 209호', '010-0000-0009', 'O', 'A');
INSERT INTO CUSTOMER VALUES('jhs@somewhere.com' ,'전효성', 27, 'F', '수원시 영통구 덕영대로 1732 우정원 210호', '010-0000-0010', 'C', NULL);
INSERT INTO CUSTOMER VALUES('lje@somewhere.com' ,'이지은', 30, 'F', '수원시 영통구 덕영대로 1732 우정원 211호', '010-0000-0011', 'D', 'A');
INSERT INTO CUSTOMER VALUES('jwy@somewhere.com' ,'장원영', 16, 'F', '수원시 영통구 덕영대로 1732 우정원 212호', '010-0000-0012', 'O', 'T');
INSERT INTO CUSTOMER VALUES('pjh@somewhere.com' ,'박지훈', 21, 'M', '수원시 영통구 덕영대로 1732 우정원 213호', '010-0000-0013', 'C', 'S');
INSERT INTO CUSTOMER VALUES('jsm@somewhere.com' ,'전소미', 19, 'F', '수원시 영통구 덕영대로 1732 우정원 214호', '010-0000-0014', 'D', 'S');
INSERT INTO CUSTOMER VALUES('rh@somewhere.com' ,'노현', 21, 'M', '수원시 영통구 덕영대로 1732 우정원 215호', '010-0000-0015', 'D', 'T');
INSERT INTO CUSTOMER VALUES('chw@somewhere.com' ,'최현우', 21, 'M', '수원시 영통구 덕영대로 1732 우정원 216호', '010-0000-0016', 'C', 'S');
INSERT INTO CUSTOMER VALUES('sye@somewhere.com' ,'손영은', 23, 'F', '수원시 영통구 덕영대로 1732 우정원 217호', '010-0000-0017', 'O', NULL);
INSERT INTO CUSTOMER VALUES('yyh@somewhere.com' ,'윤우현', 21, 'F', '수원시 영통구 덕영대로 1732 우정원 218호', '010-0000-0018', 'C', NULL);
INSERT INTO CUSTOMER VALUES('lbh@somewhere.com' ,'이병헌', 50, 'M', '수원시 영통구 덕영대로 1732 우정원 219호', '010-0000-0019', 'D', 'T');
INSERT INTO CUSTOMER VALUES('bjh@somewhere.com' ,'배주현', 27, 'F', '수원시 영통구 덕영대로 1732 우정원 220호', '010-0000-0020', 'C', 'A');


INSERT INTO CUSTOMER_INGREDIENT VALUES('1' ,'1');
INSERT INTO CUSTOMER_INGREDIENT VALUES('1' ,'1');